,submission_id,timestamp,url,answer,time_spent
0,5ddc1e94-9ba3-11eb-8455-0242ac190002,2021-04-12 15:25:52,https://github.com/square/okhttp/issues/4875,semantic,243.4
1,5ddc1e94-9ba3-11eb-8455-0242ac190002,2021-04-12 15:25:52,https://github.com/DiUS/pact-jvm/issues/196,semantic,67.1
2,5ddc1e94-9ba3-11eb-8455-0242ac190002,2021-04-12 15:25:52,https://github.com/spring-projects/spring-boot/issues/11338,memory,37.5
3,5ddc1e94-9ba3-11eb-8455-0242ac190002,2021-04-12 15:25:52,https://github.com/skylot/jadx/issues/685,semantic,59.2
4,5ddc1e94-9ba3-11eb-8455-0242ac190002,2021-04-12 15:25:52,https://github.com/speedment/speedment/issues/628,semantic,28.8
5,5ddc1e94-9ba3-11eb-8455-0242ac190002,2021-04-12 15:25:52,https://github.com/hazelcast/hazelcast/issues/16482,concurrency,16.9
6,5ddc1e94-9ba3-11eb-8455-0242ac190002,2021-04-12 15:25:52,https://github.com/checkstyle/checkstyle/issues/3507,other,9.2
7,5ddc1e94-9ba3-11eb-8455-0242ac190002,2021-04-12 15:25:52,https://github.com/eXist-db/exist/issues/1856,concurrency,6.1
8,5ddc1e94-9ba3-11eb-8455-0242ac190002,2021-04-12 15:25:52,https://github.com/restlet/restlet-framework-java/issues/1243,other,4.6
9,5ddc1e94-9ba3-11eb-8455-0242ac190002,2021-04-12 15:25:52,https://github.com/elastic/elasticsearch/issues/1118,memory,4.5
20,fd0d37e6-9b6c-11eb-8455-0242ac190002,2021-04-12 08:56:36,https://github.com/netty/netty/issues/4760,other,58.7
21,fd0d37e6-9b6c-11eb-8455-0242ac190002,2021-04-12 08:56:36,https://github.com/bazelbuild/bazel/issues/5402,concurrency,23.5
22,fd0d37e6-9b6c-11eb-8455-0242ac190002,2021-04-12 08:56:36,https://github.com/DiUS/pact-jvm/issues/196,semantic,42.4
23,fd0d37e6-9b6c-11eb-8455-0242ac190002,2021-04-12 08:56:36,https://github.com/spring-projects/spring-boot/issues/18910,semantic,30.0
24,fd0d37e6-9b6c-11eb-8455-0242ac190002,2021-04-12 08:56:36,https://github.com/bytedeco/javacv/issues/1179,other,10.5
25,fd0d37e6-9b6c-11eb-8455-0242ac190002,2021-04-12 08:56:36,https://github.com/graphhopper/graphhopper/issues/743,concurrency,20.4
26,fd0d37e6-9b6c-11eb-8455-0242ac190002,2021-04-12 08:56:36,https://github.com/redisson/redisson/issues/1268,concurrency,8.8
27,fd0d37e6-9b6c-11eb-8455-0242ac190002,2021-04-12 08:56:36,https://github.com/spring-projects/spring-session/issues/268,other,22.3
28,fd0d37e6-9b6c-11eb-8455-0242ac190002,2021-04-12 08:56:36,https://github.com/eclipse/jetty.project/issues/355,semantic,16.9
29,fd0d37e6-9b6c-11eb-8455-0242ac190002,2021-04-12 08:56:36,https://github.com/spring-projects/spring-boot/issues/8584,concurrency,7.9
30,0b8bb422-3af2-11eb-8f89-0242ac190002,2020-12-10 14:14:41,https://github.com/haraldk/TwelveMonkeys/issues/399,semantic,200.6
31,0b8bb422-3af2-11eb-8f89-0242ac190002,2020-12-10 14:14:41,https://github.com/netty/netty/issues/2644,memory,21.5
32,0b8bb422-3af2-11eb-8f89-0242ac190002,2020-12-10 14:14:41,https://github.com/eclipse/elk/issues/252,memory,23.2
33,0b8bb422-3af2-11eb-8f89-0242ac190002,2020-12-10 14:14:41,https://github.com/redisson/redisson/issues/2304,concurrency,4.7
34,0b8bb422-3af2-11eb-8f89-0242ac190002,2020-12-10 14:14:41,https://github.com/redisson/redisson/issues/1927,memory,8.1
35,0b8bb422-3af2-11eb-8f89-0242ac190002,2020-12-10 14:14:41,https://github.com/jhipster/generator-jhipster/issues/1812,semantic,31.3
36,0b8bb422-3af2-11eb-8f89-0242ac190002,2020-12-10 14:14:41,https://github.com/naver/pinpoint/issues/3369,concurrency,28.9
37,0b8bb422-3af2-11eb-8f89-0242ac190002,2020-12-10 14:14:41,https://github.com/oracle/graal/issues/2450,other,9.4
38,0b8bb422-3af2-11eb-8f89-0242ac190002,2020-12-10 14:14:41,https://github.com/hazelcast/hazelcast/issues/14087,memory,7.9
39,0b8bb422-3af2-11eb-8f89-0242ac190002,2020-12-10 14:14:41,https://github.com/bytedeco/javacv/issues/1179,semantic,29.2
40,751898b8-446d-11eb-8f89-0242ac190002,2020-12-22 15:50:47,https://github.com/elastic/elasticsearch/issues/3820,other,47.7
41,751898b8-446d-11eb-8f89-0242ac190002,2020-12-22 15:50:47,https://github.com/eclipse/ice/issues/373,semantic,38.5
42,751898b8-446d-11eb-8f89-0242ac190002,2020-12-22 15:50:47,https://github.com/elastic/elasticsearch/issues/7623,concurrency,38.8
43,751898b8-446d-11eb-8f89-0242ac190002,2020-12-22 15:50:47,https://github.com/hazelcast/hazelcast/issues/16482,memory,27.2
44,751898b8-446d-11eb-8f89-0242ac190002,2020-12-22 15:50:47,https://github.com/netty/netty/issues/1975,memory,18.6
45,751898b8-446d-11eb-8f89-0242ac190002,2020-12-22 15:50:47,https://github.com/AsyncHttpClient/async-http-client/issues/1314,semantic,26.1
46,751898b8-446d-11eb-8f89-0242ac190002,2020-12-22 15:50:47,https://github.com/Automattic/simplenote-android/issues/213,concurrency,9.6
47,751898b8-446d-11eb-8f89-0242ac190002,2020-12-22 15:50:47,https://github.com/spring-projects/spring-session/issues/268,semantic,6.5
48,751898b8-446d-11eb-8f89-0242ac190002,2020-12-22 15:50:47,https://github.com/eclipse/elk/issues/252,semantic,44.6
49,751898b8-446d-11eb-8f89-0242ac190002,2020-12-22 15:50:47,https://github.com/JodaOrg/joda-time/issues/44,concurrency,5.9
60,9a6126b0-9b68-11eb-8455-0242ac190002,2021-04-12 08:25:13,https://github.com/spring-projects/spring-boot/issues/2341,semantic,34.4
61,9a6126b0-9b68-11eb-8455-0242ac190002,2021-04-12 08:25:13,https://github.com/netty/netty/issues/4760,memory,11.9
62,9a6126b0-9b68-11eb-8455-0242ac190002,2021-04-12 08:25:13,https://github.com/spring-projects/spring-framework/issues/24346,memory,12.3
63,9a6126b0-9b68-11eb-8455-0242ac190002,2021-04-12 08:25:13,https://github.com/jankotek/mapdb/issues/479,concurrency,14.5
64,9a6126b0-9b68-11eb-8455-0242ac190002,2021-04-12 08:25:13,https://github.com/netty/netty/issues/7178,other,23.4
65,9a6126b0-9b68-11eb-8455-0242ac190002,2021-04-12 08:25:13,https://github.com/grpc/grpc-java/issues/4198,semantic,13.4
66,9a6126b0-9b68-11eb-8455-0242ac190002,2021-04-12 08:25:13,https://github.com/spring-projects/spring-batch/issues/3692,other,13.6
67,9a6126b0-9b68-11eb-8455-0242ac190002,2021-04-12 08:25:13,https://github.com/spring-projects/spring-session/issues/268,other,12.2
68,9a6126b0-9b68-11eb-8455-0242ac190002,2021-04-12 08:25:13,https://github.com/netty/netty/issues/258,semantic,29.7
69,9a6126b0-9b68-11eb-8455-0242ac190002,2021-04-12 08:25:13,https://github.com/spring-projects/spring-security/issues/4769,other,3.7
70,830bc12c-9b82-11eb-8455-0242ac190002,2021-04-12 11:30:41,https://github.com/netty/netty/issues/4265,semantic,72.0
71,830bc12c-9b82-11eb-8455-0242ac190002,2021-04-12 11:30:41,https://github.com/apache/incubator-dolphinscheduler/issues/1420,other,2056.6
72,830bc12c-9b82-11eb-8455-0242ac190002,2021-04-12 11:30:41,https://github.com/netty/netty/issues/7617,concurrency,20.6
73,830bc12c-9b82-11eb-8455-0242ac190002,2021-04-12 11:30:41,https://github.com/reactor/reactor-core/issues/301,semantic,73.8
74,830bc12c-9b82-11eb-8455-0242ac190002,2021-04-12 11:30:41,https://github.com/brettwooldridge/HikariCP/issues/148,memory,41.2
75,830bc12c-9b82-11eb-8455-0242ac190002,2021-04-12 11:30:41,https://github.com/spring-projects/spring-boot/issues/10496,concurrency,20.0
76,830bc12c-9b82-11eb-8455-0242ac190002,2021-04-12 11:30:41,https://github.com/spring-projects/spring-framework/issues/24605,other,13.4
77,830bc12c-9b82-11eb-8455-0242ac190002,2021-04-12 11:30:41,https://github.com/skylot/jadx/issues/743,concurrency,18.4
78,830bc12c-9b82-11eb-8455-0242ac190002,2021-04-12 11:30:41,https://github.com/netty/netty/issues/2544,semantic,41.0
79,830bc12c-9b82-11eb-8455-0242ac190002,2021-04-12 11:30:41,https://github.com/netty/netty/issues/2013,concurrency,12.2
110,4fe08f56-42bf-11eb-8f89-0242ac190002,2020-12-20 12:31:41,https://github.com/bazelbuild/bazel/issues/4398,other,44.9
111,4fe08f56-42bf-11eb-8f89-0242ac190002,2020-12-20 12:31:41,https://github.com/spring-projects/spring-framework/issues/24339,memory,4.8
112,4fe08f56-42bf-11eb-8f89-0242ac190002,2020-12-20 12:31:41,https://github.com/spring-projects/spring-session/issues/1025,other,7.3
113,4fe08f56-42bf-11eb-8f89-0242ac190002,2020-12-20 12:31:41,https://github.com/spring-projects/spring-boot/issues/1061,concurrency,5.0
114,4fe08f56-42bf-11eb-8f89-0242ac190002,2020-12-20 12:31:41,https://github.com/eclipse/che/issues/11287,memory,18.4
115,4fe08f56-42bf-11eb-8f89-0242ac190002,2020-12-20 12:31:41,https://github.com/square/okhttp/issues/4875,memory,10.3
116,4fe08f56-42bf-11eb-8f89-0242ac190002,2020-12-20 12:31:41,https://github.com/spring-projects/spring-framework/issues/22603,memory,1778.2
117,4fe08f56-42bf-11eb-8f89-0242ac190002,2020-12-20 12:31:41,https://github.com/netty/netty/issues/1524,memory,12.3
118,4fe08f56-42bf-11eb-8f89-0242ac190002,2020-12-20 12:31:41,https://github.com/spring-projects/spring-batch/issues/766,memory,25.8
119,4fe08f56-42bf-11eb-8f89-0242ac190002,2020-12-20 12:31:41,https://github.com/eclipse/jetty.project/issues/365,concurrency,37.5
120,5f8f0e4a-9b6c-11eb-8455-0242ac190002,2021-04-12 08:52:12,https://github.com/eclipse/hono/issues/1105,semantic,105.3
121,5f8f0e4a-9b6c-11eb-8455-0242ac190002,2021-04-12 08:52:12,https://github.com/jankotek/mapdb/issues/561,semantic,61.0
122,5f8f0e4a-9b6c-11eb-8455-0242ac190002,2021-04-12 08:52:12,https://github.com/netty/netty/issues/2086,concurrency,55.6
123,5f8f0e4a-9b6c-11eb-8455-0242ac190002,2021-04-12 08:52:12,https://github.com/JodaOrg/joda-time/issues/44,memory,29.7
124,5f8f0e4a-9b6c-11eb-8455-0242ac190002,2021-04-12 08:52:12,https://github.com/spring-projects/spring-boot/issues/14665,semantic,41.6
125,5f8f0e4a-9b6c-11eb-8455-0242ac190002,2021-04-12 08:52:12,https://github.com/netty/netty/issues/4829,memory,36.4
126,5f8f0e4a-9b6c-11eb-8455-0242ac190002,2021-04-12 08:52:12,https://github.com/spring-projects/spring-security/issues/5724,semantic,22.8
127,5f8f0e4a-9b6c-11eb-8455-0242ac190002,2021-04-12 08:52:12,https://github.com/redisson/redisson/issues/106,memory,164.9
128,5f8f0e4a-9b6c-11eb-8455-0242ac190002,2021-04-12 08:52:12,https://github.com/realm/realm-java/issues/1728,memory,39.4
129,5f8f0e4a-9b6c-11eb-8455-0242ac190002,2021-04-12 08:52:12,https://github.com/spring-projects/spring-boot/issues/1061,semantic,57.5
140,01f8a23e-6208-11eb-8f89-0242ac190002,2021-01-29 08:00:09,https://github.com/checkstyle/checkstyle/issues/3507,semantic,48.1
141,01f8a23e-6208-11eb-8f89-0242ac190002,2021-01-29 08:00:09,https://github.com/AsyncHttpClient/async-http-client/issues/1028,semantic,27.7
142,01f8a23e-6208-11eb-8f89-0242ac190002,2021-01-29 08:00:09,https://github.com/AsyncHttpClient/async-http-client/issues/1049,concurrency,5.6
143,01f8a23e-6208-11eb-8f89-0242ac190002,2021-01-29 08:00:09,https://github.com/bazelbuild/bazel/issues/5512,memory,18.1
144,01f8a23e-6208-11eb-8f89-0242ac190002,2021-01-29 08:00:09,https://github.com/spring-projects/spring-session/issues/1025,other,20.3
145,01f8a23e-6208-11eb-8f89-0242ac190002,2021-01-29 08:00:09,https://github.com/checkstyle/checkstyle/issues/3013,semantic,50.7
146,01f8a23e-6208-11eb-8f89-0242ac190002,2021-01-29 08:00:09,https://github.com/netty/netty/issues/834,memory,22.7
147,01f8a23e-6208-11eb-8f89-0242ac190002,2021-01-29 08:00:09,https://github.com/JodaOrg/joda-time/issues/261,semantic,23.7
148,01f8a23e-6208-11eb-8f89-0242ac190002,2021-01-29 08:00:09,https://github.com/google/guava/issues/2743,concurrency,28.8
149,01f8a23e-6208-11eb-8f89-0242ac190002,2021-01-29 08:00:09,https://github.com/speedment/speedment/issues/299,concurrency,18.7
150,84918872-3b30-11eb-8f89-0242ac190002,2020-12-10 21:41:53,https://github.com/jankotek/mapdb/issues/561,other,48.2
151,84918872-3b30-11eb-8f89-0242ac190002,2020-12-10 21:41:53,https://github.com/netty/netty/issues/1524,memory,4.4
152,84918872-3b30-11eb-8f89-0242ac190002,2020-12-10 21:41:53,https://github.com/netty/netty/issues/1878,memory,3.7
153,84918872-3b30-11eb-8f89-0242ac190002,2020-12-10 21:41:53,https://github.com/hazelcast/hazelcast/issues/14358,other,13.1
154,84918872-3b30-11eb-8f89-0242ac190002,2020-12-10 21:41:53,https://github.com/eclipse/hono/issues/1609,other,20.3
155,84918872-3b30-11eb-8f89-0242ac190002,2020-12-10 21:41:53,https://github.com/elastic/elasticsearch/issues/4112,other,13.3
156,84918872-3b30-11eb-8f89-0242ac190002,2020-12-10 21:41:53,https://github.com/hazelcast/hazelcast/issues/887,concurrency,7.8
157,84918872-3b30-11eb-8f89-0242ac190002,2020-12-10 21:41:53,https://github.com/eclipse/jetty.project/issues/1615,other,12.5
158,84918872-3b30-11eb-8f89-0242ac190002,2020-12-10 21:41:53,https://github.com/orientechnologies/orientdb/issues/5279,concurrency,8.1
159,84918872-3b30-11eb-8f89-0242ac190002,2020-12-10 21:41:53,https://github.com/spring-projects/spring-session/issues/145,other,19.5
160,4fbce68c-3ae0-11eb-8f89-0242ac190002,2020-12-10 12:07:44,https://github.com/elastic/elasticsearch/issues/10351,semantic,95.3
161,4fbce68c-3ae0-11eb-8f89-0242ac190002,2020-12-10 12:07:44,https://github.com/AsyncHttpClient/async-http-client/issues/1067,memory,53.1
162,4fbce68c-3ae0-11eb-8f89-0242ac190002,2020-12-10 12:07:44,https://github.com/elastic/elasticsearch/issues/7793,semantic,67.4
163,4fbce68c-3ae0-11eb-8f89-0242ac190002,2020-12-10 12:07:44,https://github.com/google/ExoPlayer/issues/2108,memory,8.2
164,4fbce68c-3ae0-11eb-8f89-0242ac190002,2020-12-10 12:07:44,https://github.com/nextcloud/android/issues/6135,memory,13.0
165,4fbce68c-3ae0-11eb-8f89-0242ac190002,2020-12-10 12:07:44,https://github.com/hazelcast/hazelcast/issues/15996,semantic,20.0
166,4fbce68c-3ae0-11eb-8f89-0242ac190002,2020-12-10 12:07:44,https://github.com/skylot/jadx/issues/685,semantic,23.6
167,4fbce68c-3ae0-11eb-8f89-0242ac190002,2020-12-10 12:07:44,https://github.com/redisson/redisson/issues/2587,memory,4.2
168,4fbce68c-3ae0-11eb-8f89-0242ac190002,2020-12-10 12:07:44,https://github.com/netty/netty/issues/1390,concurrency,3.5
169,4fbce68c-3ae0-11eb-8f89-0242ac190002,2020-12-10 12:07:44,https://github.com/netty/netty/issues/5833,memory,8.6
170,a0dbdcce-a144-11eb-8455-0242ac190002,2021-04-19 19:22:49,https://github.com/MenoData/Time4J/issues/807,semantic,42.9
171,a0dbdcce-a144-11eb-8455-0242ac190002,2021-04-19 19:22:49,https://github.com/elastic/elasticsearch/issues/5142,concurrency,10.3
172,a0dbdcce-a144-11eb-8455-0242ac190002,2021-04-19 19:22:49,https://github.com/hazelcast/hazelcast/issues/3633,other,4.2
173,a0dbdcce-a144-11eb-8455-0242ac190002,2021-04-19 19:22:49,https://github.com/bazelbuild/bazel/issues/3416,memory,2.8
174,a0dbdcce-a144-11eb-8455-0242ac190002,2021-04-19 19:22:49,https://github.com/spring-projects/spring-boot/issues/2220,concurrency,11.2
175,a0dbdcce-a144-11eb-8455-0242ac190002,2021-04-19 19:22:49,https://github.com/netty/netty/issues/300,semantic,5.7
176,a0dbdcce-a144-11eb-8455-0242ac190002,2021-04-19 19:22:49,https://github.com/spring-projects/spring-boot/issues/14464,memory,10.5
177,a0dbdcce-a144-11eb-8455-0242ac190002,2021-04-19 19:22:49,https://github.com/jankotek/mapdb/issues/36,concurrency,6.6
178,a0dbdcce-a144-11eb-8455-0242ac190002,2021-04-19 19:22:49,https://github.com/hazelcast/hazelcast/issues/14215,other,7.3
179,a0dbdcce-a144-11eb-8455-0242ac190002,2021-04-19 19:22:49,https://github.com/eclipse/elk/issues/252,semantic,10.3
180,a97f617c-42ba-11eb-8f89-0242ac190002,2020-12-20 11:58:23,https://github.com/BroadleafCommerce/BroadleafCommerce/issues/705,memory,16.8
181,a97f617c-42ba-11eb-8f89-0242ac190002,2020-12-20 11:58:23,https://github.com/checkstyle/checkstyle/issues/3210,semantic,56.8
182,a97f617c-42ba-11eb-8f89-0242ac190002,2020-12-20 11:58:23,https://github.com/spring-projects/spring-boot/issues/2220,concurrency,13.2
183,a97f617c-42ba-11eb-8f89-0242ac190002,2020-12-20 11:58:23,https://github.com/spring-projects/spring-boot/issues/4627,other,32.9
184,a97f617c-42ba-11eb-8f89-0242ac190002,2020-12-20 11:58:23,https://github.com/spring-projects/spring-batch/issues/3717,other,46.3
185,a97f617c-42ba-11eb-8f89-0242ac190002,2020-12-20 11:58:23,https://github.com/spring-projects/spring-boot/issues/10496,concurrency,38.0
186,a97f617c-42ba-11eb-8f89-0242ac190002,2020-12-20 11:58:23,https://github.com/spring-projects/spring-boot/issues/18936,other,118.7
187,a97f617c-42ba-11eb-8f89-0242ac190002,2020-12-20 11:58:23,https://github.com/apache/pulsar/issues/6900,memory,16.1
188,a97f617c-42ba-11eb-8f89-0242ac190002,2020-12-20 11:58:23,https://github.com/bazelbuild/bazel/issues/1159,memory,11.9
189,a97f617c-42ba-11eb-8f89-0242ac190002,2020-12-20 11:58:23,https://github.com/spring-projects/spring-session/issues/268,other,9.9
200,890bcc62-9ba9-11eb-8455-0242ac190002,2021-04-12 16:10:01,https://github.com/intuit/karate/issues/198,memory,40.0
201,890bcc62-9ba9-11eb-8455-0242ac190002,2021-04-12 16:10:01,https://github.com/elastic/elasticsearch/issues/34307,other,76.2
202,890bcc62-9ba9-11eb-8455-0242ac190002,2021-04-12 16:10:01,https://github.com/orientechnologies/orientdb/issues/7418,semantic,33.5
203,890bcc62-9ba9-11eb-8455-0242ac190002,2021-04-12 16:10:01,https://github.com/elastic/elasticsearch/issues/13872,semantic,18.8
204,890bcc62-9ba9-11eb-8455-0242ac190002,2021-04-12 16:10:01,https://github.com/redisson/redisson/issues/515,semantic,15.9
205,890bcc62-9ba9-11eb-8455-0242ac190002,2021-04-12 16:10:01,https://github.com/elastic/elasticsearch/issues/1081,memory,15.6
206,890bcc62-9ba9-11eb-8455-0242ac190002,2021-04-12 16:10:01,https://github.com/grpc/grpc-java/issues/598,concurrency,13.6
207,890bcc62-9ba9-11eb-8455-0242ac190002,2021-04-12 16:10:01,https://github.com/facebook/fresco/issues/2039,semantic,18.5
208,890bcc62-9ba9-11eb-8455-0242ac190002,2021-04-12 16:10:01,https://github.com/eclipse/n4js/issues/84,other,8.0
209,890bcc62-9ba9-11eb-8455-0242ac190002,2021-04-12 16:10:01,https://github.com/apache/pulsar/issues/6100,semantic,19.4
250,40d8e738-612d-11eb-8f89-0242ac190002,2021-01-28 05:54:15,https://github.com/bazelbuild/bazel/issues/1160,other,74.6
251,40d8e738-612d-11eb-8f89-0242ac190002,2021-01-28 05:54:15,https://github.com/netty/netty/issues/1380,other,88.9
252,40d8e738-612d-11eb-8f89-0242ac190002,2021-01-28 05:54:15,https://github.com/bytedeco/javacv/issues/1179,other,68.5
253,40d8e738-612d-11eb-8f89-0242ac190002,2021-01-28 05:54:15,https://github.com/reactor/reactor-core/issues/1070,memory,93.7
254,40d8e738-612d-11eb-8f89-0242ac190002,2021-01-28 05:54:15,https://github.com/facebook/fresco/issues/1504,concurrency,83.9
255,40d8e738-612d-11eb-8f89-0242ac190002,2021-01-28 05:54:15,https://github.com/netty/netty/issues/1181,concurrency,22.9
256,40d8e738-612d-11eb-8f89-0242ac190002,2021-01-28 05:54:15,https://github.com/spring-projects/spring-session/issues/952,other,15.0
257,40d8e738-612d-11eb-8f89-0242ac190002,2021-01-28 05:54:15,https://github.com/elastic/elasticsearch/issues/10351,semantic,56.0
258,40d8e738-612d-11eb-8f89-0242ac190002,2021-01-28 05:54:15,https://github.com/bazelbuild/bazel/issues/4262,semantic,57.3
259,40d8e738-612d-11eb-8f89-0242ac190002,2021-01-28 05:54:15,https://github.com/eclipse/hono/issues/454,memory,43.2
260,4b0b624c-5739-11eb-8f89-0242ac190002,2021-01-15 13:55:14,https://github.com/orientechnologies/orientdb/issues/6380,concurrency,16.1
261,4b0b624c-5739-11eb-8f89-0242ac190002,2021-01-15 13:55:14,https://github.com/codenameone/CodenameOne/issues/1408,semantic,11.5
262,4b0b624c-5739-11eb-8f89-0242ac190002,2021-01-15 13:55:14,https://github.com/hazelcast/hazelcast/issues/14087,memory,9.3
263,4b0b624c-5739-11eb-8f89-0242ac190002,2021-01-15 13:55:14,https://github.com/jhipster/generator-jhipster/issues/269,semantic,6.3
264,4b0b624c-5739-11eb-8f89-0242ac190002,2021-01-15 13:55:14,https://github.com/spring-projects/spring-boot/issues/14464,semantic,23.9
265,4b0b624c-5739-11eb-8f89-0242ac190002,2021-01-15 13:55:14,https://github.com/eclipse/lemminx/issues/574,semantic,20.1
266,4b0b624c-5739-11eb-8f89-0242ac190002,2021-01-15 13:55:14,https://github.com/AsyncHttpClient/async-http-client/issues/1314,semantic,31.3
267,4b0b624c-5739-11eb-8f89-0242ac190002,2021-01-15 13:55:14,https://github.com/elastic/elasticsearch/issues/18164,other,17.8
268,4b0b624c-5739-11eb-8f89-0242ac190002,2021-01-15 13:55:14,https://github.com/grpc/grpc-java/issues/6850,memory,10.4
269,4b0b624c-5739-11eb-8f89-0242ac190002,2021-01-15 13:55:14,https://github.com/bazelbuild/bazel/issues/5512,memory,5.9
270,e106342e-9b87-11eb-8455-0242ac190002,2021-04-12 12:09:06,https://github.com/OpenRefine/OpenRefine/issues/2286,concurrency,61.4
271,e106342e-9b87-11eb-8455-0242ac190002,2021-04-12 12:09:06,https://github.com/naver/pinpoint/issues/5261,memory,56.3
272,e106342e-9b87-11eb-8455-0242ac190002,2021-04-12 12:09:06,https://github.com/spring-projects/spring-boot/issues/4627,semantic,23.3
273,e106342e-9b87-11eb-8455-0242ac190002,2021-04-12 12:09:06,https://github.com/junit-team/junit5/issues/1289,semantic,53.7
274,e106342e-9b87-11eb-8455-0242ac190002,2021-04-12 12:09:06,https://github.com/netty/netty/issues/4198,memory,4.5
275,e106342e-9b87-11eb-8455-0242ac190002,2021-04-12 12:09:06,https://github.com/checkstyle/checkstyle/issues/4927,concurrency,15.9
276,e106342e-9b87-11eb-8455-0242ac190002,2021-04-12 12:09:06,https://github.com/spring-projects/spring-boot/issues/2341,memory,12.3
277,e106342e-9b87-11eb-8455-0242ac190002,2021-04-12 12:09:06,https://github.com/reactor/reactor-core/issues/1973,concurrency,9.9
278,e106342e-9b87-11eb-8455-0242ac190002,2021-04-12 12:09:06,https://github.com/reactor/reactor-core/issues/1070,memory,21.0
279,e106342e-9b87-11eb-8455-0242ac190002,2021-04-12 12:09:06,https://github.com/brettwooldridge/HikariCP/issues/465,concurrency,28.3
280,3a7dd0a2-5b23-11eb-8f89-0242ac190002,2021-01-20 13:27:22,https://github.com/checkstyle/checkstyle/issues/3013,semantic,63.5
281,3a7dd0a2-5b23-11eb-8f89-0242ac190002,2021-01-20 13:27:22,https://github.com/elastic/elasticsearch/issues/21226,other,47.0
282,3a7dd0a2-5b23-11eb-8f89-0242ac190002,2021-01-20 13:27:22,https://github.com/speedment/speedment/issues/322,memory,14.9
283,3a7dd0a2-5b23-11eb-8f89-0242ac190002,2021-01-20 13:27:22,https://github.com/hazelcast/hazelcast/issues/14087,memory,11.9
284,3a7dd0a2-5b23-11eb-8f89-0242ac190002,2021-01-20 13:27:22,https://github.com/eclipse/elk/issues/268,semantic,13.6
285,3a7dd0a2-5b23-11eb-8f89-0242ac190002,2021-01-20 13:27:22,https://github.com/AsyncHttpClient/async-http-client/issues/534,concurrency,18.7
286,3a7dd0a2-5b23-11eb-8f89-0242ac190002,2021-01-20 13:27:22,https://github.com/apache/pulsar/issues/6100,other,34.5
287,3a7dd0a2-5b23-11eb-8f89-0242ac190002,2021-01-20 13:27:22,https://github.com/eclipse/kapua/issues/976,other,17.1
288,3a7dd0a2-5b23-11eb-8f89-0242ac190002,2021-01-20 13:27:22,https://github.com/nextcloud/android/issues/305,memory,8.5
289,3a7dd0a2-5b23-11eb-8f89-0242ac190002,2021-01-20 13:27:22,https://github.com/netty/netty/issues/278,semantic,37.4
290,31afad22-9b7b-11eb-8455-0242ac190002,2021-04-12 10:38:18,https://github.com/requery/requery/issues/75,other,43.6
291,31afad22-9b7b-11eb-8455-0242ac190002,2021-04-12 10:38:18,https://github.com/netty/netty/issues/834,memory,62.0
292,31afad22-9b7b-11eb-8455-0242ac190002,2021-04-12 10:38:18,https://github.com/apache/pulsar/issues/6900,other,58.4
293,31afad22-9b7b-11eb-8455-0242ac190002,2021-04-12 10:38:18,https://github.com/bazelbuild/bazel/issues/5513,concurrency,12.6
294,31afad22-9b7b-11eb-8455-0242ac190002,2021-04-12 10:38:18,https://github.com/netty/netty/issues/1175,concurrency,7.1
295,31afad22-9b7b-11eb-8455-0242ac190002,2021-04-12 10:38:18,https://github.com/spring-projects/spring-security/issues/4769,semantic,12.1
296,31afad22-9b7b-11eb-8455-0242ac190002,2021-04-12 10:38:18,https://github.com/google/guava/issues/1977,concurrency,7.0
297,31afad22-9b7b-11eb-8455-0242ac190002,2021-04-12 10:38:18,https://github.com/graphhopper/graphhopper/issues/743,semantic,19.9
298,31afad22-9b7b-11eb-8455-0242ac190002,2021-04-12 10:38:18,https://github.com/junit-team/junit5/issues/1690,semantic,18.2
299,31afad22-9b7b-11eb-8455-0242ac190002,2021-04-12 10:38:18,https://github.com/eclipse/n4js/issues/560,semantic,27.1
300,09219c42-9b69-11eb-8455-0242ac190002,2021-04-12 08:28:19,https://github.com/yegor256/takes/issues/403,other,61.5
301,09219c42-9b69-11eb-8455-0242ac190002,2021-04-12 08:28:19,https://github.com/elastic/elasticsearch/issues/16887,other,28.4
302,09219c42-9b69-11eb-8455-0242ac190002,2021-04-12 08:28:19,https://github.com/requery/requery/issues/136,semantic,41.1
303,09219c42-9b69-11eb-8455-0242ac190002,2021-04-12 08:28:19,https://github.com/hazelcast/hazelcast/issues/14358,memory,109.0
304,09219c42-9b69-11eb-8455-0242ac190002,2021-04-12 08:28:19,https://github.com/spring-projects/spring-session/issues/389,other,6.8
305,09219c42-9b69-11eb-8455-0242ac190002,2021-04-12 08:28:19,https://github.com/netty/netty/issues/8814,memory,18.5
306,09219c42-9b69-11eb-8455-0242ac190002,2021-04-12 08:28:19,https://github.com/spring-projects/spring-session/issues/665,memory,18.7
307,09219c42-9b69-11eb-8455-0242ac190002,2021-04-12 08:28:19,https://github.com/netty/netty/issues/5372,memory,10.7
308,09219c42-9b69-11eb-8455-0242ac190002,2021-04-12 08:28:19,https://github.com/elastic/elasticsearch/issues/7793,other,21.9
309,09219c42-9b69-11eb-8455-0242ac190002,2021-04-12 08:28:19,https://github.com/netty/netty/issues/4110,concurrency,9.1
330,801505e0-3b9d-11eb-8f89-0242ac190002,2020-12-11 10:42:00,https://github.com/elastic/elasticsearch/issues/3820,concurrency,52.0
331,801505e0-3b9d-11eb-8f89-0242ac190002,2020-12-11 10:42:00,https://github.com/netty/netty/issues/539,other,6.9
332,801505e0-3b9d-11eb-8f89-0242ac190002,2020-12-11 10:42:00,https://github.com/spring-projects/spring-boot/issues/6115,memory,7.0
333,801505e0-3b9d-11eb-8f89-0242ac190002,2020-12-11 10:42:00,https://github.com/google/guava/issues/1558,semantic,3.7
334,801505e0-3b9d-11eb-8f89-0242ac190002,2020-12-11 10:42:00,https://github.com/naver/pinpoint/issues/2259,semantic,7.2
335,801505e0-3b9d-11eb-8f89-0242ac190002,2020-12-11 10:42:00,https://github.com/netty/netty/issues/5553,concurrency,12.1
336,801505e0-3b9d-11eb-8f89-0242ac190002,2020-12-11 10:42:00,https://github.com/netty/netty/issues/7607,memory,14.5
337,801505e0-3b9d-11eb-8f89-0242ac190002,2020-12-11 10:42:00,https://github.com/eclipse/n4js/issues/1443,other,8.3
338,801505e0-3b9d-11eb-8f89-0242ac190002,2020-12-11 10:42:00,https://github.com/haraldk/TwelveMonkeys/issues/172,other,3.6
339,801505e0-3b9d-11eb-8f89-0242ac190002,2020-12-11 10:42:00,https://github.com/netty/netty/issues/6481,concurrency,5.3
350,217f2296-9b69-11eb-8455-0242ac190002,2021-04-12 08:29:00,https://github.com/netty/netty/issues/1508,memory,60.2
351,217f2296-9b69-11eb-8455-0242ac190002,2021-04-12 08:29:00,https://github.com/checkstyle/checkstyle/issues/2811,semantic,29.6
352,217f2296-9b69-11eb-8455-0242ac190002,2021-04-12 08:29:00,https://github.com/mapsforge/mapsforge/issues/920,semantic,10.6
353,217f2296-9b69-11eb-8455-0242ac190002,2021-04-12 08:29:00,https://github.com/junit-team/junit5/issues/1289,concurrency,8.8
354,217f2296-9b69-11eb-8455-0242ac190002,2021-04-12 08:29:00,https://github.com/JodaOrg/joda-time/issues/309,concurrency,7.4
355,217f2296-9b69-11eb-8455-0242ac190002,2021-04-12 08:29:00,https://github.com/haraldk/TwelveMonkeys/issues/492,semantic,5.1
356,217f2296-9b69-11eb-8455-0242ac190002,2021-04-12 08:29:00,https://github.com/JodaOrg/joda-time/issues/18,semantic,5.4
357,217f2296-9b69-11eb-8455-0242ac190002,2021-04-12 08:29:00,https://github.com/mapsforge/mapsforge/issues/753,concurrency,24.5
358,217f2296-9b69-11eb-8455-0242ac190002,2021-04-12 08:29:00,https://github.com/naver/pinpoint/issues/5261,memory,21.9
359,217f2296-9b69-11eb-8455-0242ac190002,2021-04-12 08:29:00,https://github.com/jankotek/mapdb/issues/36,memory,4.4
360,3d6437ce-9b70-11eb-8455-0242ac190002,2021-04-12 09:19:53,https://github.com/redisson/redisson/issues/2217,semantic,49.3
361,3d6437ce-9b70-11eb-8455-0242ac190002,2021-04-12 09:19:53,https://github.com/reactor/reactor-core/issues/301,semantic,43.4
362,3d6437ce-9b70-11eb-8455-0242ac190002,2021-04-12 09:19:53,https://github.com/codenameone/CodenameOne/issues/1505,memory,50.0
363,3d6437ce-9b70-11eb-8455-0242ac190002,2021-04-12 09:19:53,https://github.com/netty/netty/issues/588,semantic,58.7
364,3d6437ce-9b70-11eb-8455-0242ac190002,2021-04-12 09:19:53,https://github.com/eclipse/n4js/issues/560,semantic,51.0
365,3d6437ce-9b70-11eb-8455-0242ac190002,2021-04-12 09:19:53,https://github.com/elastic/elasticsearch/issues/4712,semantic,43.1
366,3d6437ce-9b70-11eb-8455-0242ac190002,2021-04-12 09:19:53,https://github.com/spring-projects/spring-boot/issues/139,semantic,7.2
367,3d6437ce-9b70-11eb-8455-0242ac190002,2021-04-12 09:19:53,https://github.com/eclipse/hono/issues/231,memory,17.3
368,3d6437ce-9b70-11eb-8455-0242ac190002,2021-04-12 09:19:53,https://github.com/pmd/pmd/issues/1695,other,14.6
369,3d6437ce-9b70-11eb-8455-0242ac190002,2021-04-12 09:19:53,https://github.com/jankotek/mapdb/issues/381,memory,25.8
370,fc73da14-a0fe-11eb-8455-0242ac190002,2021-04-19 11:04:18,https://github.com/brettwooldridge/HikariCP/issues/236,concurrency,28.5
371,fc73da14-a0fe-11eb-8455-0242ac190002,2021-04-19 11:04:18,https://github.com/netty/netty/issues/3184,concurrency,87.7
372,fc73da14-a0fe-11eb-8455-0242ac190002,2021-04-19 11:04:18,https://github.com/elastic/elasticsearch/issues/23048,concurrency,59.6
373,fc73da14-a0fe-11eb-8455-0242ac190002,2021-04-19 11:04:18,https://github.com/google/guava/issues/2072,concurrency,4.9
374,fc73da14-a0fe-11eb-8455-0242ac190002,2021-04-19 11:04:18,https://github.com/brettwooldridge/HikariCP/issues/19,concurrency,4.0
375,fc73da14-a0fe-11eb-8455-0242ac190002,2021-04-19 11:04:18,https://github.com/spring-projects/spring-boot/issues/4627,concurrency,2.4
376,fc73da14-a0fe-11eb-8455-0242ac190002,2021-04-19 11:04:18,https://github.com/checkstyle/checkstyle/issues/3507,concurrency,2.4
377,fc73da14-a0fe-11eb-8455-0242ac190002,2021-04-19 11:04:18,https://github.com/Automattic/simplenote-android/issues/213,concurrency,1.7
378,fc73da14-a0fe-11eb-8455-0242ac190002,2021-04-19 11:04:18,https://github.com/spring-projects/spring-security/issues/3365,concurrency,1.9
379,fc73da14-a0fe-11eb-8455-0242ac190002,2021-04-19 11:04:18,https://github.com/jhipster/generator-jhipster/issues/269,concurrency,1.4
400,8936718e-5a3a-11eb-8f89-0242ac190002,2021-01-19 09:41:42,https://github.com/netty/netty/issues/1116,memory,5.2
401,8936718e-5a3a-11eb-8f89-0242ac190002,2021-01-19 09:41:42,https://github.com/naver/pinpoint/issues/5261,semantic,35.7
402,8936718e-5a3a-11eb-8f89-0242ac190002,2021-01-19 09:41:42,https://github.com/Azure/azure-iot-sdk-java/issues/205,semantic,19.0
403,8936718e-5a3a-11eb-8f89-0242ac190002,2021-01-19 09:41:42,https://github.com/spring-projects/spring-boot/issues/433,semantic,38.6
404,8936718e-5a3a-11eb-8f89-0242ac190002,2021-01-19 09:41:42,https://github.com/redisson/redisson/issues/2670,semantic,16.9
405,8936718e-5a3a-11eb-8f89-0242ac190002,2021-01-19 09:41:42,https://github.com/eclipse/jetty.project/issues/355,concurrency,18.2
406,8936718e-5a3a-11eb-8f89-0242ac190002,2021-01-19 09:41:42,https://github.com/reactor/reactor-core/issues/320,concurrency,9.8
407,8936718e-5a3a-11eb-8f89-0242ac190002,2021-01-19 09:41:42,https://github.com/DiUS/pact-jvm/issues/196,other,35.5
408,8936718e-5a3a-11eb-8f89-0242ac190002,2021-01-19 09:41:42,https://github.com/brettwooldridge/HikariCP/issues/44,memory,6.2
409,8936718e-5a3a-11eb-8f89-0242ac190002,2021-01-19 09:41:42,https://github.com/brettwooldridge/HikariCP/issues/236,concurrency,58.9
420,535eab4e-3b95-11eb-8f89-0242ac190002,2020-12-11 09:43:29,https://github.com/eXist-db/exist/issues/1293,memory,62.3
421,535eab4e-3b95-11eb-8f89-0242ac190002,2020-12-11 09:43:29,https://github.com/bazelbuild/bazel/issues/3147,other,30.4
422,535eab4e-3b95-11eb-8f89-0242ac190002,2020-12-11 09:43:29,https://github.com/hazelcast/hazelcast/issues/3633,semantic,24.8
423,535eab4e-3b95-11eb-8f89-0242ac190002,2020-12-11 09:43:29,https://github.com/netty/netty/issues/6481,semantic,92.5
424,535eab4e-3b95-11eb-8f89-0242ac190002,2020-12-11 09:43:29,https://github.com/yegor256/takes/issues/403,other,30.5
425,535eab4e-3b95-11eb-8f89-0242ac190002,2020-12-11 09:43:29,https://github.com/reactor/reactor-core/issues/2050,semantic,23.0
426,535eab4e-3b95-11eb-8f89-0242ac190002,2020-12-11 09:43:29,https://github.com/spring-projects/spring-boot/issues/2324,semantic,45.7
427,535eab4e-3b95-11eb-8f89-0242ac190002,2020-12-11 09:43:29,https://github.com/junit-team/junit5/issues/1690,other,27.4
428,535eab4e-3b95-11eb-8f89-0242ac190002,2020-12-11 09:43:29,https://github.com/spring-projects/spring-security/issues/6521,semantic,31.0
429,535eab4e-3b95-11eb-8f89-0242ac190002,2020-12-11 09:43:29,https://github.com/redisson/redisson/issues/2306,memory,22.5
440,8f13bb22-5ef7-11eb-8f89-0242ac190002,2021-01-25 10:24:51,https://github.com/spring-projects/spring-boot/issues/18936,semantic,98.4
441,8f13bb22-5ef7-11eb-8f89-0242ac190002,2021-01-25 10:24:51,https://github.com/netty/netty/issues/1975,memory,25.2
442,8f13bb22-5ef7-11eb-8f89-0242ac190002,2021-01-25 10:24:51,https://github.com/reactor/reactor-core/issues/2050,concurrency,33.8
443,8f13bb22-5ef7-11eb-8f89-0242ac190002,2021-01-25 10:24:51,https://github.com/jhipster/generator-jhipster/issues/1900,other,27.4
444,8f13bb22-5ef7-11eb-8f89-0242ac190002,2021-01-25 10:24:51,https://github.com/codenameone/CodenameOne/issues/1408,semantic,12.8
445,8f13bb22-5ef7-11eb-8f89-0242ac190002,2021-01-25 10:24:51,https://github.com/AsyncHttpClient/async-http-client/issues/1049,concurrency,7.9
446,8f13bb22-5ef7-11eb-8f89-0242ac190002,2021-01-25 10:24:51,https://github.com/BroadleafCommerce/BroadleafCommerce/issues/705,semantic,13.3
447,8f13bb22-5ef7-11eb-8f89-0242ac190002,2021-01-25 10:24:51,https://github.com/google/ExoPlayer/issues/7273,semantic,26.2
448,8f13bb22-5ef7-11eb-8f89-0242ac190002,2021-01-25 10:24:51,https://github.com/square/okhttp/issues/4258,memory,10.1
449,8f13bb22-5ef7-11eb-8f89-0242ac190002,2021-01-25 10:24:51,https://github.com/netty/netty/issues/6481,semantic,13.1
450,acb1bee4-9c65-11eb-8455-0242ac190002,2021-04-13 14:36:46,https://github.com/aol/cyclops/issues/276,semantic,103.6
451,acb1bee4-9c65-11eb-8455-0242ac190002,2021-04-13 14:36:46,https://github.com/netty/netty/issues/7418,semantic,165.9
452,acb1bee4-9c65-11eb-8455-0242ac190002,2021-04-13 14:36:46,https://github.com/spring-projects/spring-framework/issues/24886,concurrency,78.0
453,acb1bee4-9c65-11eb-8455-0242ac190002,2021-04-13 14:36:46,https://github.com/redisson/redisson/issues/2670,semantic,53.2
454,acb1bee4-9c65-11eb-8455-0242ac190002,2021-04-13 14:36:46,https://github.com/mapsforge/mapsforge/issues/753,other,60.7
455,acb1bee4-9c65-11eb-8455-0242ac190002,2021-04-13 14:36:46,https://github.com/netty/netty/issues/539,memory,18.7
456,acb1bee4-9c65-11eb-8455-0242ac190002,2021-04-13 14:36:46,https://github.com/grpc/grpc-java/issues/5729,other,50.8
457,acb1bee4-9c65-11eb-8455-0242ac190002,2021-04-13 14:36:46,https://github.com/redisson/redisson/issues/1158,semantic,30.9
458,acb1bee4-9c65-11eb-8455-0242ac190002,2021-04-13 14:36:46,https://github.com/AsyncHttpClient/async-http-client/issues/1028,semantic,45.1
459,acb1bee4-9c65-11eb-8455-0242ac190002,2021-04-13 14:36:46,https://github.com/speedment/speedment/issues/299,semantic,28.1
460,5839497a-9b7c-11eb-8455-0242ac190002,2021-04-12 10:46:32,https://github.com/elastic/elasticsearch/issues/16887,semantic,80.0
461,5839497a-9b7c-11eb-8455-0242ac190002,2021-04-12 10:46:32,https://github.com/eclipse/hono/issues/1988,semantic,23.9
462,5839497a-9b7c-11eb-8455-0242ac190002,2021-04-12 10:46:32,https://github.com/elastic/elasticsearch/issues/2658,concurrency,18.9
463,5839497a-9b7c-11eb-8455-0242ac190002,2021-04-12 10:46:32,https://github.com/netty/netty/issues/2252,semantic,45.4
464,5839497a-9b7c-11eb-8455-0242ac190002,2021-04-12 10:46:32,https://github.com/reactor/reactor-core/issues/320,concurrency,29.2
465,5839497a-9b7c-11eb-8455-0242ac190002,2021-04-12 10:46:32,https://github.com/elastic/elasticsearch/issues/5142,semantic,18.6
466,5839497a-9b7c-11eb-8455-0242ac190002,2021-04-12 10:46:32,https://github.com/eclipse/ice/issues/190,other,9.0
467,5839497a-9b7c-11eb-8455-0242ac190002,2021-04-12 10:46:32,https://github.com/elastic/elasticsearch/issues/6279,semantic,27.2
468,5839497a-9b7c-11eb-8455-0242ac190002,2021-04-12 10:46:32,https://github.com/spring-projects/spring-session/issues/1025,semantic,20.7
469,5839497a-9b7c-11eb-8455-0242ac190002,2021-04-12 10:46:32,https://github.com/brettwooldridge/HikariCP/issues/44,memory,20.4
490,d2c1b246-5986-11eb-8f89-0242ac190002,2021-01-18 12:15:16,https://github.com/eclipse/elk/issues/487,other,92.3
491,d2c1b246-5986-11eb-8f89-0242ac190002,2021-01-18 12:15:16,https://github.com/eXist-db/exist/issues/1834,other,63.8
492,d2c1b246-5986-11eb-8f89-0242ac190002,2021-01-18 12:15:16,https://github.com/elastic/elasticsearch/issues/24108,memory,29.1
493,d2c1b246-5986-11eb-8f89-0242ac190002,2021-01-18 12:15:16,https://github.com/elastic/elasticsearch/issues/16887,semantic,30.1
494,d2c1b246-5986-11eb-8f89-0242ac190002,2021-01-18 12:15:16,https://github.com/graphhopper/graphhopper/issues/1288,other,41.1
495,d2c1b246-5986-11eb-8f89-0242ac190002,2021-01-18 12:15:16,https://github.com/elastic/elasticsearch/issues/3820,other,23.9
496,d2c1b246-5986-11eb-8f89-0242ac190002,2021-01-18 12:15:16,https://github.com/eclipse/hono/issues/1750,concurrency,11.0
497,d2c1b246-5986-11eb-8f89-0242ac190002,2021-01-18 12:15:16,https://github.com/eclipse/jetty.project/issues/1448,memory,12.2
498,d2c1b246-5986-11eb-8f89-0242ac190002,2021-01-18 12:15:16,https://github.com/elastic/elasticsearch/issues/7793,semantic,20.2
499,d2c1b246-5986-11eb-8f89-0242ac190002,2021-01-18 12:15:16,https://github.com/netty/netty/issues/6481,semantic,37.1
540,d86c2088-3b30-11eb-8f89-0242ac190002,2020-12-10 21:44:14,https://github.com/eclipse/hono/issues/1105,other,30.9
541,d86c2088-3b30-11eb-8f89-0242ac190002,2020-12-10 21:44:14,https://github.com/hazelcast/hazelcast/issues/15996,other,10.0
542,d86c2088-3b30-11eb-8f89-0242ac190002,2020-12-10 21:44:14,https://github.com/elastic/elasticsearch/issues/15789,memory,4.5
543,d86c2088-3b30-11eb-8f89-0242ac190002,2020-12-10 21:44:14,https://github.com/hazelcast/hazelcast/issues/166,concurrency,6.2
544,d86c2088-3b30-11eb-8f89-0242ac190002,2020-12-10 21:44:14,https://github.com/redisson/redisson/issues/2153,other,16.9
545,d86c2088-3b30-11eb-8f89-0242ac190002,2020-12-10 21:44:14,https://github.com/bazelbuild/bazel/issues/3927,semantic,13.7
546,d86c2088-3b30-11eb-8f89-0242ac190002,2020-12-10 21:44:14,https://github.com/netty/netty/issues/4760,semantic,10.8
547,d86c2088-3b30-11eb-8f89-0242ac190002,2020-12-10 21:44:14,https://github.com/netty/netty/issues/2651,concurrency,6.7
548,d86c2088-3b30-11eb-8f89-0242ac190002,2020-12-10 21:44:14,https://github.com/eclipse/elk/issues/67,memory,3.5
549,d86c2088-3b30-11eb-8f89-0242ac190002,2020-12-10 21:44:14,https://github.com/checkstyle/checkstyle/issues/4908,other,3.7
550,31c2ff3c-5b46-11eb-8f89-0242ac190002,2021-01-20 17:37:40,https://github.com/facebook/fresco/issues/1504,semantic,14.3
551,31c2ff3c-5b46-11eb-8f89-0242ac190002,2021-01-20 17:37:40,https://github.com/grpc/grpc-java/issues/598,memory,13.7
552,31c2ff3c-5b46-11eb-8f89-0242ac190002,2021-01-20 17:37:40,https://github.com/spring-projects/spring-security/issues/4878,other,18.3
553,31c2ff3c-5b46-11eb-8f89-0242ac190002,2021-01-20 17:37:40,https://github.com/haraldk/TwelveMonkeys/issues/492,semantic,15.6
554,31c2ff3c-5b46-11eb-8f89-0242ac190002,2021-01-20 17:37:40,https://github.com/brettwooldridge/HikariCP/issues/19,semantic,22.5
555,31c2ff3c-5b46-11eb-8f89-0242ac190002,2021-01-20 17:37:40,https://github.com/jankotek/mapdb/issues/36,memory,28.7
556,31c2ff3c-5b46-11eb-8f89-0242ac190002,2021-01-20 17:37:40,https://github.com/redisson/redisson/issues/1935,memory,7.1
557,31c2ff3c-5b46-11eb-8f89-0242ac190002,2021-01-20 17:37:40,https://github.com/netty/netty/issues/5833,semantic,19.0
558,31c2ff3c-5b46-11eb-8f89-0242ac190002,2021-01-20 17:37:40,https://github.com/skylot/jadx/issues/726,concurrency,53.0
559,31c2ff3c-5b46-11eb-8f89-0242ac190002,2021-01-20 17:37:40,https://github.com/netty/netty/issues/2644,memory,5.6
560,31c42e14-572e-11eb-8f89-0242ac190002,2021-01-15 12:35:47,https://github.com/spring-projects/spring-security/issues/5163,semantic,9.4
561,31c42e14-572e-11eb-8f89-0242ac190002,2021-01-15 12:35:47,https://github.com/spring-projects/spring-boot/issues/4921,semantic,11.2
562,31c42e14-572e-11eb-8f89-0242ac190002,2021-01-15 12:35:47,https://github.com/checkstyle/checkstyle/issues/3507,other,4.4
563,31c42e14-572e-11eb-8f89-0242ac190002,2021-01-15 12:35:47,https://github.com/elastic/elasticsearch/issues/1167,memory,15.3
564,31c42e14-572e-11eb-8f89-0242ac190002,2021-01-15 12:35:47,https://github.com/netty/netty/issues/300,concurrency,12.8
565,31c42e14-572e-11eb-8f89-0242ac190002,2021-01-15 12:35:47,https://github.com/elastic/elasticsearch/issues/34307,other,31.8
566,31c42e14-572e-11eb-8f89-0242ac190002,2021-01-15 12:35:47,https://github.com/MenoData/Time4J/issues/807,semantic,11.7
567,31c42e14-572e-11eb-8f89-0242ac190002,2021-01-15 12:35:47,https://github.com/spring-projects/spring-framework/issues/24339,memory,10.6
568,31c42e14-572e-11eb-8f89-0242ac190002,2021-01-15 12:35:47,https://github.com/speedment/speedment/issues/626,other,8.2
569,31c42e14-572e-11eb-8f89-0242ac190002,2021-01-15 12:35:47,https://github.com/netty/netty/issues/2252,semantic,8.7
580,3f4f3f82-5b26-11eb-8f89-0242ac190002,2021-01-20 13:48:59,https://github.com/bazelbuild/bazel/issues/5402,concurrency,32.9
581,3f4f3f82-5b26-11eb-8f89-0242ac190002,2021-01-20 13:48:59,https://github.com/JodaOrg/joda-time/issues/18,semantic,118.4
582,3f4f3f82-5b26-11eb-8f89-0242ac190002,2021-01-20 13:48:59,https://github.com/AsyncHttpClient/async-http-client/issues/1049,concurrency,5.6
583,3f4f3f82-5b26-11eb-8f89-0242ac190002,2021-01-20 13:48:59,https://github.com/spring-projects/spring-security/issues/4769,semantic,34.2
584,3f4f3f82-5b26-11eb-8f89-0242ac190002,2021-01-20 13:48:59,https://github.com/brettwooldridge/HikariCP/issues/68,other,29.3
585,3f4f3f82-5b26-11eb-8f89-0242ac190002,2021-01-20 13:48:59,https://github.com/reactor/reactor-core/issues/1070,memory,41.1
586,3f4f3f82-5b26-11eb-8f89-0242ac190002,2021-01-20 13:48:59,https://github.com/redisson/redisson/issues/1896,memory,4.5
587,3f4f3f82-5b26-11eb-8f89-0242ac190002,2021-01-20 13:48:59,https://github.com/intuit/karate/issues/198,memory,6.8
588,3f4f3f82-5b26-11eb-8f89-0242ac190002,2021-01-20 13:48:59,https://github.com/netty/netty/issues/1830,other,15.6
589,3f4f3f82-5b26-11eb-8f89-0242ac190002,2021-01-20 13:48:59,https://github.com/spring-projects/spring-framework/issues/24886,memory,40.9
600,6b95af18-5b53-11eb-8f89-0242ac190002,2021-01-20 19:12:21,https://github.com/spring-projects/spring-security/issues/3852,other,9.1
601,6b95af18-5b53-11eb-8f89-0242ac190002,2021-01-20 19:12:21,https://github.com/jhipster/generator-jhipster/issues/3579,other,20.0
602,6b95af18-5b53-11eb-8f89-0242ac190002,2021-01-20 19:12:21,https://github.com/redisson/redisson/issues/1459,concurrency,45.6
603,6b95af18-5b53-11eb-8f89-0242ac190002,2021-01-20 19:12:21,https://github.com/MenoData/Time4J/issues/267,other,3.5
604,6b95af18-5b53-11eb-8f89-0242ac190002,2021-01-20 19:12:21,https://github.com/netty/netty/issues/2013,memory,9.7
605,6b95af18-5b53-11eb-8f89-0242ac190002,2021-01-20 19:12:21,https://github.com/checkstyle/checkstyle/issues/6865,other,10.0
606,6b95af18-5b53-11eb-8f89-0242ac190002,2021-01-20 19:12:21,https://github.com/bazelbuild/bazel/issues/1159,other,9.2
607,6b95af18-5b53-11eb-8f89-0242ac190002,2021-01-20 19:12:21,https://github.com/spring-projects/spring-boot/issues/1199,other,34.2
608,6b95af18-5b53-11eb-8f89-0242ac190002,2021-01-20 19:12:21,https://github.com/AsyncHttpClient/async-http-client/issues/1325,memory,5.5
609,6b95af18-5b53-11eb-8f89-0242ac190002,2021-01-20 19:12:21,https://github.com/netty/netty/issues/588,other,4.6
630,9feeaf8c-5a52-11eb-8f89-0242ac190002,2021-01-19 12:34:08,https://github.com/spring-projects/spring-boot/issues/19949,semantic,19.4
631,9feeaf8c-5a52-11eb-8f89-0242ac190002,2021-01-19 12:34:08,https://github.com/bazelbuild/bazel/issues/8160,semantic,21.2
632,9feeaf8c-5a52-11eb-8f89-0242ac190002,2021-01-19 12:34:08,https://github.com/MenoData/Time4J/issues/577,semantic,20.5
633,9feeaf8c-5a52-11eb-8f89-0242ac190002,2021-01-19 12:34:08,https://github.com/JetBrains/idea-gitignore/issues/413,concurrency,5.2
634,9feeaf8c-5a52-11eb-8f89-0242ac190002,2021-01-19 12:34:08,https://github.com/netty/netty/issues/2130,other,7.8
635,9feeaf8c-5a52-11eb-8f89-0242ac190002,2021-01-19 12:34:08,https://github.com/reactor/reactor-core/issues/229,other,17.1
636,9feeaf8c-5a52-11eb-8f89-0242ac190002,2021-01-19 12:34:08,https://github.com/elastic/elasticsearch/issues/2658,semantic,14.7
637,9feeaf8c-5a52-11eb-8f89-0242ac190002,2021-01-19 12:34:08,https://github.com/netty/netty/issues/1507,memory,4.8
638,9feeaf8c-5a52-11eb-8f89-0242ac190002,2021-01-19 12:34:08,https://github.com/spring-projects/spring-batch/issues/766,semantic,65.0
639,9feeaf8c-5a52-11eb-8f89-0242ac190002,2021-01-19 12:34:08,https://github.com/apache/pulsar/issues/4957,other,6.6
670,dea6af6a-3bfb-11eb-8f89-0242ac190002,2020-12-11 21:57:32,https://github.com/netty/netty/issues/440,concurrency,20.3
671,dea6af6a-3bfb-11eb-8f89-0242ac190002,2020-12-11 21:57:32,https://github.com/netty/netty/issues/1507,memory,20.4
672,dea6af6a-3bfb-11eb-8f89-0242ac190002,2020-12-11 21:57:32,https://github.com/elastic/elasticsearch/issues/1081,memory,15.5
673,dea6af6a-3bfb-11eb-8f89-0242ac190002,2020-12-11 21:57:32,https://github.com/google/guava/issues/2072,concurrency,14.3
674,dea6af6a-3bfb-11eb-8f89-0242ac190002,2020-12-11 21:57:32,https://github.com/hazelcast/hazelcast/issues/16429,memory,70.0
675,dea6af6a-3bfb-11eb-8f89-0242ac190002,2020-12-11 21:57:32,https://github.com/skylot/jadx/issues/726,concurrency,18.5
676,dea6af6a-3bfb-11eb-8f89-0242ac190002,2020-12-11 21:57:32,https://github.com/orientechnologies/orientdb/issues/2121,semantic,50.8
677,dea6af6a-3bfb-11eb-8f89-0242ac190002,2020-12-11 21:57:32,https://github.com/jankotek/mapdb/issues/36,memory,33.1
678,dea6af6a-3bfb-11eb-8f89-0242ac190002,2020-12-11 21:57:32,https://github.com/spring-projects/spring-session/issues/81,semantic,20.4
679,dea6af6a-3bfb-11eb-8f89-0242ac190002,2020-12-11 21:57:32,https://github.com/eclipse/hono/issues/1988,semantic,40.8
690,1f27a43e-9b7b-11eb-8455-0242ac190002,2021-04-12 10:37:47,https://github.com/google/ExoPlayer/issues/7273,memory,162.3
691,1f27a43e-9b7b-11eb-8455-0242ac190002,2021-04-12 10:37:47,https://github.com/eclipse/n4js/issues/560,semantic,101.1
692,1f27a43e-9b7b-11eb-8455-0242ac190002,2021-04-12 10:37:47,https://github.com/elastic/elasticsearch/issues/6181,memory,20.0
693,1f27a43e-9b7b-11eb-8455-0242ac190002,2021-04-12 10:37:47,https://github.com/intuit/karate/issues/779,memory,13.7
694,1f27a43e-9b7b-11eb-8455-0242ac190002,2021-04-12 10:37:47,https://github.com/netty/netty/issues/2013,concurrency,12.8
695,1f27a43e-9b7b-11eb-8455-0242ac190002,2021-04-12 10:37:47,https://github.com/netty/netty/issues/6620,memory,44.2
696,1f27a43e-9b7b-11eb-8455-0242ac190002,2021-04-12 10:37:47,https://github.com/spring-projects/spring-boot/issues/11338,other,29.0
697,1f27a43e-9b7b-11eb-8455-0242ac190002,2021-04-12 10:37:47,https://github.com/redisson/redisson/issues/1170,semantic,53.2
698,1f27a43e-9b7b-11eb-8455-0242ac190002,2021-04-12 10:37:47,https://github.com/MenoData/Time4J/issues/637,semantic,16.3
699,1f27a43e-9b7b-11eb-8455-0242ac190002,2021-04-12 10:37:47,https://github.com/bazelbuild/bazel/issues/5815,semantic,27.5
700,85416c72-9b68-11eb-8455-0242ac190002,2021-04-12 08:24:37,https://github.com/google/ExoPlayer/issues/1066,memory,36.5
701,85416c72-9b68-11eb-8455-0242ac190002,2021-04-12 08:24:37,https://github.com/elastic/elasticsearch/issues/10351,concurrency,25.5
702,85416c72-9b68-11eb-8455-0242ac190002,2021-04-12 08:24:37,https://github.com/eclipse/eclipse.jdt.ls/issues/661,other,11.3
703,85416c72-9b68-11eb-8455-0242ac190002,2021-04-12 08:24:37,https://github.com/checkstyle/checkstyle/issues/4927,concurrency,6.5
704,85416c72-9b68-11eb-8455-0242ac190002,2021-04-12 08:24:37,https://github.com/netty/netty/issues/7178,semantic,3.7
705,85416c72-9b68-11eb-8455-0242ac190002,2021-04-12 08:24:37,https://github.com/eXist-db/exist/issues/1834,memory,13.9
706,85416c72-9b68-11eb-8455-0242ac190002,2021-04-12 08:24:37,https://github.com/brettwooldridge/HikariCP/issues/68,semantic,18.1
707,85416c72-9b68-11eb-8455-0242ac190002,2021-04-12 08:24:37,https://github.com/netty/netty/issues/6620,memory,13.8
708,85416c72-9b68-11eb-8455-0242ac190002,2021-04-12 08:24:37,https://github.com/eclipse/jetty.project/issues/2346,semantic,3.4
709,85416c72-9b68-11eb-8455-0242ac190002,2021-04-12 08:24:37,https://github.com/brettwooldridge/HikariCP/issues/880,concurrency,2.3
740,e58737c2-5e52-11eb-8f89-0242ac190002,2021-01-24 14:46:09,https://github.com/elastic/elasticsearch/issues/4112,semantic,10.5
741,e58737c2-5e52-11eb-8f89-0242ac190002,2021-01-24 14:46:09,https://github.com/netty/netty/issues/129,memory,4.1
742,e58737c2-5e52-11eb-8f89-0242ac190002,2021-01-24 14:46:09,https://github.com/netty/netty/issues/5372,memory,3.6
743,e58737c2-5e52-11eb-8f89-0242ac190002,2021-01-24 14:46:09,https://github.com/netty/netty/issues/2363,semantic,24.8
744,e58737c2-5e52-11eb-8f89-0242ac190002,2021-01-24 14:46:09,https://github.com/spring-projects/spring-security/issues/5724,other,14.8
745,e58737c2-5e52-11eb-8f89-0242ac190002,2021-01-24 14:46:09,https://github.com/spring-projects/spring-boot/issues/11338,other,25.0
746,e58737c2-5e52-11eb-8f89-0242ac190002,2021-01-24 14:46:09,https://github.com/eclipse/jetty.project/issues/355,concurrency,30.7
747,e58737c2-5e52-11eb-8f89-0242ac190002,2021-01-24 14:46:09,https://github.com/elastic/elasticsearch/issues/7623,concurrency,13.5
748,e58737c2-5e52-11eb-8f89-0242ac190002,2021-01-24 14:46:09,https://github.com/brettwooldridge/HikariCP/issues/19,semantic,14.7
749,e58737c2-5e52-11eb-8f89-0242ac190002,2021-01-24 14:46:09,https://github.com/elastic/elasticsearch/issues/21703,semantic,8.4
760,95dbe418-3ab5-11eb-8f89-0242ac190002,2020-12-10 07:01:54,https://github.com/square/okhttp/issues/4875,semantic,32.5
761,95dbe418-3ab5-11eb-8f89-0242ac190002,2020-12-10 07:01:54,https://github.com/junit-team/junit5/issues/894,other,26.9
762,95dbe418-3ab5-11eb-8f89-0242ac190002,2020-12-10 07:01:54,https://github.com/elastic/elasticsearch/issues/1229,semantic,31.1
763,95dbe418-3ab5-11eb-8f89-0242ac190002,2020-12-10 07:01:54,https://github.com/apache/pulsar/issues/6110,other,16.6
764,95dbe418-3ab5-11eb-8f89-0242ac190002,2020-12-10 07:01:54,https://github.com/spring-projects/spring-session/issues/389,other,15.3
765,95dbe418-3ab5-11eb-8f89-0242ac190002,2020-12-10 07:01:54,https://github.com/google/ExoPlayer/issues/2292,semantic,18.5
766,95dbe418-3ab5-11eb-8f89-0242ac190002,2020-12-10 07:01:54,https://github.com/redisson/redisson/issues/1326,memory,7.9
767,95dbe418-3ab5-11eb-8f89-0242ac190002,2020-12-10 07:01:54,https://github.com/pmd/pmd/issues/1695,other,15.9
768,95dbe418-3ab5-11eb-8f89-0242ac190002,2020-12-10 07:01:54,https://github.com/orientechnologies/orientdb/issues/6380,concurrency,10.2
769,95dbe418-3ab5-11eb-8f89-0242ac190002,2020-12-10 07:01:54,https://github.com/netty/netty/issues/2651,semantic,59.8
770,dd12b7de-5a32-11eb-8f89-0242ac190002,2021-01-19 08:46:46,https://github.com/apache/incubator-dolphinscheduler/issues/1420,other,38.9
771,dd12b7de-5a32-11eb-8f89-0242ac190002,2021-01-19 08:46:46,https://github.com/spring-projects/spring-session/issues/154,semantic,15.7
772,dd12b7de-5a32-11eb-8f89-0242ac190002,2021-01-19 08:46:46,https://github.com/redisson/redisson/issues/1584,memory,7.9
773,dd12b7de-5a32-11eb-8f89-0242ac190002,2021-01-19 08:46:46,https://github.com/spring-projects/spring-boot/issues/9797,other,21.0
774,dd12b7de-5a32-11eb-8f89-0242ac190002,2021-01-19 08:46:46,https://github.com/netty/netty/issues/1986,semantic,32.7
775,dd12b7de-5a32-11eb-8f89-0242ac190002,2021-01-19 08:46:46,https://github.com/netty/netty/issues/597,memory,17.6
776,dd12b7de-5a32-11eb-8f89-0242ac190002,2021-01-19 08:46:46,https://github.com/restlet/restlet-framework-java/issues/1243,concurrency,4.2
777,dd12b7de-5a32-11eb-8f89-0242ac190002,2021-01-19 08:46:46,https://github.com/AsyncHttpClient/async-http-client/issues/1028,semantic,24.0
778,dd12b7de-5a32-11eb-8f89-0242ac190002,2021-01-19 08:46:46,https://github.com/eclipse/hono/issues/1609,other,16.7
779,dd12b7de-5a32-11eb-8f89-0242ac190002,2021-01-19 08:46:46,https://github.com/netty/netty/issues/1878,memory,5.5
790,100ec218-a362-11eb-8455-0242ac190002,2021-04-22 11:58:33,https://github.com/elastic/elasticsearch/issues/23048,memory,94.6
791,100ec218-a362-11eb-8455-0242ac190002,2021-04-22 11:58:33,https://github.com/eclipse/n4js/issues/444,memory,268.6
792,100ec218-a362-11eb-8455-0242ac190002,2021-04-22 11:58:33,https://github.com/spring-projects/spring-session/issues/665,other,30.1
793,100ec218-a362-11eb-8455-0242ac190002,2021-04-22 11:58:33,https://github.com/square/okhttp/issues/4658,memory,9.1
794,100ec218-a362-11eb-8455-0242ac190002,2021-04-22 11:58:33,https://github.com/redisson/redisson/issues/1927,memory,5.3
795,100ec218-a362-11eb-8455-0242ac190002,2021-04-22 11:58:33,https://github.com/elastic/elasticsearch/issues/43840,concurrency,12.5
796,100ec218-a362-11eb-8455-0242ac190002,2021-04-22 11:58:33,https://github.com/netty/netty/issues/1739,memory,6.9
797,100ec218-a362-11eb-8455-0242ac190002,2021-04-22 11:58:33,https://github.com/google/ExoPlayer/issues/4234,other,25.1
798,100ec218-a362-11eb-8455-0242ac190002,2021-04-22 11:58:33,https://github.com/netty/netty/issues/300,memory,13.6
799,100ec218-a362-11eb-8455-0242ac190002,2021-04-22 11:58:33,https://github.com/eclipse/n4js/issues/1443,other,10.9
800,b467c2a8-bedb-11eb-bf0d-0242ac190002,2021-05-27 11:07:19,https://github.com/square/okhttp/issues/4875,memory,92.2
801,b467c2a8-bedb-11eb-bf0d-0242ac190002,2021-05-27 11:07:19,https://github.com/eclipse/kapua/issues/976,other,32.2
802,b467c2a8-bedb-11eb-bf0d-0242ac190002,2021-05-27 11:07:19,https://github.com/netty/netty/issues/1975,concurrency,37.7
803,b467c2a8-bedb-11eb-bf0d-0242ac190002,2021-05-27 11:07:19,https://github.com/MenoData/Time4J/issues/809,semantic,20.9
804,b467c2a8-bedb-11eb-bf0d-0242ac190002,2021-05-27 11:07:19,https://github.com/eclipse/n4js/issues/435,semantic,10.5
805,b467c2a8-bedb-11eb-bf0d-0242ac190002,2021-05-27 11:07:19,https://github.com/elastic/elasticsearch/issues/11870,semantic,30.8
806,b467c2a8-bedb-11eb-bf0d-0242ac190002,2021-05-27 11:07:19,https://github.com/redisson/redisson/issues/1584,semantic,70.4
807,b467c2a8-bedb-11eb-bf0d-0242ac190002,2021-05-27 11:07:19,https://github.com/elastic/elasticsearch/issues/7793,semantic,20.9
808,b467c2a8-bedb-11eb-bf0d-0242ac190002,2021-05-27 11:07:19,https://github.com/grpc/grpc-java/issues/6850,concurrency,43.3
809,b467c2a8-bedb-11eb-bf0d-0242ac190002,2021-05-27 11:07:19,https://github.com/netty/netty/issues/1986,other,36.1
810,29f075b6-9b6d-11eb-8455-0242ac190002,2021-04-12 08:57:52,https://github.com/elastic/elasticsearch/issues/7623,memory,53.0
811,29f075b6-9b6d-11eb-8455-0242ac190002,2021-04-12 08:57:52,https://github.com/AsyncHttpClient/async-http-client/issues/534,concurrency,24.0
812,29f075b6-9b6d-11eb-8455-0242ac190002,2021-04-12 08:57:52,https://github.com/spring-projects/spring-security/issues/5401,memory,15.9
813,29f075b6-9b6d-11eb-8455-0242ac190002,2021-04-12 08:57:52,https://github.com/eXist-db/exist/issues/1293,concurrency,9.8
814,29f075b6-9b6d-11eb-8455-0242ac190002,2021-04-12 08:57:52,https://github.com/bazelbuild/bazel/issues/8160,semantic,41.5
815,29f075b6-9b6d-11eb-8455-0242ac190002,2021-04-12 08:57:52,https://github.com/reactor/reactor-core/issues/1973,concurrency,45.6
816,29f075b6-9b6d-11eb-8455-0242ac190002,2021-04-12 08:57:52,https://github.com/elastic/elasticsearch/issues/1152,concurrency,9.1
817,29f075b6-9b6d-11eb-8455-0242ac190002,2021-04-12 08:57:52,https://github.com/checkstyle/checkstyle/issues/3507,other,13.2
818,29f075b6-9b6d-11eb-8455-0242ac190002,2021-04-12 08:57:52,https://github.com/netty/netty/issues/5553,concurrency,12.6
819,29f075b6-9b6d-11eb-8455-0242ac190002,2021-04-12 08:57:52,https://github.com/bazelbuild/bazel/issues/5815,semantic,45.9
820,92fe11f6-5402-11eb-8f89-0242ac190002,2021-01-11 11:45:59,https://github.com/checkstyle/checkstyle/issues/3839,semantic,23.1
821,92fe11f6-5402-11eb-8f89-0242ac190002,2021-01-11 11:45:59,https://github.com/checkstyle/checkstyle/issues/6865,other,40.1
822,92fe11f6-5402-11eb-8f89-0242ac190002,2021-01-11 11:45:59,https://github.com/apache/pulsar/issues/6100,other,40.2
823,92fe11f6-5402-11eb-8f89-0242ac190002,2021-01-11 11:45:59,https://github.com/spring-projects/spring-boot/issues/11200,other,22.6
824,92fe11f6-5402-11eb-8f89-0242ac190002,2021-01-11 11:45:59,https://github.com/AsyncHttpClient/async-http-client/issues/1028,semantic,50.4
825,92fe11f6-5402-11eb-8f89-0242ac190002,2021-01-11 11:45:59,https://github.com/netty/netty/issues/1247,semantic,21.5
826,92fe11f6-5402-11eb-8f89-0242ac190002,2021-01-11 11:45:59,https://github.com/checkstyle/checkstyle/issues/7458,concurrency,25.0
827,92fe11f6-5402-11eb-8f89-0242ac190002,2021-01-11 11:45:59,https://github.com/spring-projects/spring-framework/issues/24861,semantic,43.7
828,92fe11f6-5402-11eb-8f89-0242ac190002,2021-01-11 11:45:59,https://github.com/spring-projects/spring-security/issues/4769,other,9.2
829,92fe11f6-5402-11eb-8f89-0242ac190002,2021-01-11 11:45:59,https://github.com/bazelbuild/bazel/issues/1159,other,12.7
830,d8a21338-9b88-11eb-8455-0242ac190002,2021-04-12 12:16:01,https://github.com/AsyncHttpClient/async-http-client/issues/1314,semantic,59.9
831,d8a21338-9b88-11eb-8455-0242ac190002,2021-04-12 12:16:01,https://github.com/eclipse/elk/issues/67,memory,5.6
832,d8a21338-9b88-11eb-8455-0242ac190002,2021-04-12 12:16:01,https://github.com/elastic/elasticsearch/issues/21226,other,12.2
833,d8a21338-9b88-11eb-8455-0242ac190002,2021-04-12 12:16:01,https://github.com/eXist-db/exist/issues/1834,other,6.8
834,d8a21338-9b88-11eb-8455-0242ac190002,2021-04-12 12:16:01,https://github.com/spring-projects/spring-security/issues/5724,other,3.8
835,d8a21338-9b88-11eb-8455-0242ac190002,2021-04-12 12:16:01,https://github.com/MenoData/Time4J/issues/558,other,46.8
836,d8a21338-9b88-11eb-8455-0242ac190002,2021-04-12 12:16:01,https://github.com/jhipster/generator-jhipster/issues/3579,other,22.4
837,d8a21338-9b88-11eb-8455-0242ac190002,2021-04-12 12:16:01,https://github.com/netty/netty/issues/7178,semantic,39.8
838,d8a21338-9b88-11eb-8455-0242ac190002,2021-04-12 12:16:01,https://github.com/eclipse/eclipse.jdt.ls/issues/661,other,22.5
839,d8a21338-9b88-11eb-8455-0242ac190002,2021-04-12 12:16:01,https://github.com/netty/netty/issues/1579,memory,11.4
840,6e534b36-3dbf-11eb-8f89-0242ac190002,2020-12-14 03:49:56,https://github.com/jankotek/mapdb/issues/381,memory,213.1
841,6e534b36-3dbf-11eb-8f89-0242ac190002,2020-12-14 03:49:56,https://github.com/microsoft/azure-tools-for-java/issues/4422,concurrency,31.6
842,6e534b36-3dbf-11eb-8f89-0242ac190002,2020-12-14 03:49:56,https://github.com/netty/netty/issues/1247,semantic,146.5
843,6e534b36-3dbf-11eb-8f89-0242ac190002,2020-12-14 03:49:56,https://github.com/AsyncHttpClient/async-http-client/issues/534,memory,46.2
844,6e534b36-3dbf-11eb-8f89-0242ac190002,2020-12-14 03:49:56,https://github.com/bazelbuild/bazel/issues/1160,memory,18.0
845,6e534b36-3dbf-11eb-8f89-0242ac190002,2020-12-14 03:49:56,https://github.com/elastic/elasticsearch/issues/23048,concurrency,25.3
846,6e534b36-3dbf-11eb-8f89-0242ac190002,2020-12-14 03:49:56,https://github.com/naver/pinpoint/issues/2259,concurrency,4.2
847,6e534b36-3dbf-11eb-8f89-0242ac190002,2020-12-14 03:49:56,https://github.com/redisson/redisson/issues/2670,other,56.6
848,6e534b36-3dbf-11eb-8f89-0242ac190002,2020-12-14 03:49:56,https://github.com/spring-projects/spring-session/issues/1276,other,19.6
849,6e534b36-3dbf-11eb-8f89-0242ac190002,2020-12-14 03:49:56,https://github.com/checkstyle/checkstyle/issues/3013,other,24.1
870,ee1974ae-3af8-11eb-8f89-0242ac190002,2020-12-10 15:03:58,https://github.com/redisson/redisson/issues/2217,semantic,110.8
871,ee1974ae-3af8-11eb-8f89-0242ac190002,2020-12-10 15:03:58,https://github.com/reactor/reactor-core/issues/930,other,32.4
872,ee1974ae-3af8-11eb-8f89-0242ac190002,2020-12-10 15:03:58,https://github.com/eclipse/jetty.project/issues/365,memory,6.9
873,ee1974ae-3af8-11eb-8f89-0242ac190002,2020-12-10 15:03:58,https://github.com/bazelbuild/bazel/issues/4262,semantic,150.5
874,ee1974ae-3af8-11eb-8f89-0242ac190002,2020-12-10 15:03:58,https://github.com/junit-team/junit5/issues/810,semantic,56.1
875,ee1974ae-3af8-11eb-8f89-0242ac190002,2020-12-10 15:03:58,https://github.com/eXist-db/exist/issues/1834,other,6.5
876,ee1974ae-3af8-11eb-8f89-0242ac190002,2020-12-10 15:03:58,https://github.com/netty/netty/issues/2014,memory,6.3
877,ee1974ae-3af8-11eb-8f89-0242ac190002,2020-12-10 15:03:58,https://github.com/skylot/jadx/issues/685,semantic,48.6
878,ee1974ae-3af8-11eb-8f89-0242ac190002,2020-12-10 15:03:58,https://github.com/spring-projects/spring-security/issues/3852,other,16.2
879,ee1974ae-3af8-11eb-8f89-0242ac190002,2020-12-10 15:03:58,https://github.com/elastic/elasticsearch/issues/9107,concurrency,8.6
880,6073f918-5af0-11eb-8f89-0242ac190002,2021-01-20 07:23:22,https://github.com/netty/netty/issues/2651,semantic,47.1
881,6073f918-5af0-11eb-8f89-0242ac190002,2021-01-20 07:23:22,https://github.com/requery/requery/issues/303,semantic,8.6
882,6073f918-5af0-11eb-8f89-0242ac190002,2021-01-20 07:23:22,https://github.com/eclipse/hono/issues/145,semantic,54.9
883,6073f918-5af0-11eb-8f89-0242ac190002,2021-01-20 07:23:22,https://github.com/bazelbuild/bazel/issues/5512,memory,29.4
884,6073f918-5af0-11eb-8f89-0242ac190002,2021-01-20 07:23:22,https://github.com/grpc/grpc-java/issues/4198,memory,20.2
885,6073f918-5af0-11eb-8f89-0242ac190002,2021-01-20 07:23:22,https://github.com/apache/pulsar/issues/6900,other,6.3
886,6073f918-5af0-11eb-8f89-0242ac190002,2021-01-20 07:23:22,https://github.com/netty/netty/issues/7156,other,31.4
887,6073f918-5af0-11eb-8f89-0242ac190002,2021-01-20 07:23:22,https://github.com/elastic/elasticsearch/issues/1118,memory,6.4
888,6073f918-5af0-11eb-8f89-0242ac190002,2021-01-20 07:23:22,https://github.com/spring-projects/spring-session/issues/1276,other,6.5
889,6073f918-5af0-11eb-8f89-0242ac190002,2021-01-20 07:23:22,https://github.com/spring-projects/spring-boot/issues/2220,semantic,137.3
900,d73cf84e-9b7b-11eb-8455-0242ac190002,2021-04-12 10:42:55,https://github.com/netty/netty/issues/6607,memory,57.5
901,d73cf84e-9b7b-11eb-8455-0242ac190002,2021-04-12 10:42:55,https://github.com/speedment/speedment/issues/299,semantic,30.0
902,d73cf84e-9b7b-11eb-8455-0242ac190002,2021-04-12 10:42:55,https://github.com/spring-projects/spring-boot/issues/14464,other,18.1
903,d73cf84e-9b7b-11eb-8455-0242ac190002,2021-04-12 10:42:55,https://github.com/junit-team/junit5/issues/1000,other,5.4
904,d73cf84e-9b7b-11eb-8455-0242ac190002,2021-04-12 10:42:55,https://github.com/netty/netty/issues/1181,concurrency,19.1
905,d73cf84e-9b7b-11eb-8455-0242ac190002,2021-04-12 10:42:55,https://github.com/hazelcast/hazelcast/issues/166,memory,3.1
906,d73cf84e-9b7b-11eb-8455-0242ac190002,2021-04-12 10:42:55,https://github.com/google/ExoPlayer/issues/2292,concurrency,41.0
907,d73cf84e-9b7b-11eb-8455-0242ac190002,2021-04-12 10:42:55,https://github.com/spring-projects/spring-security/issues/4308,semantic,54.4
908,d73cf84e-9b7b-11eb-8455-0242ac190002,2021-04-12 10:42:55,https://github.com/speedment/speedment/issues/628,semantic,36.7
909,d73cf84e-9b7b-11eb-8455-0242ac190002,2021-04-12 10:42:55,https://github.com/spring-projects/spring-security/issues/4769,semantic,5.8
